<?xml version="1.0" encoding="UTF-8"?>
<settings xmlns="http://maven.apache.org/SETTINGS/1.0.0"
          xmlns:xsi="http://www.w3.org/2001/XMLSchema-instance"
          xsi:schemaLocation="http://maven.apache.org/SETTINGS/1.0.0 http://maven.apache.org/xsd/settings-1.0.0.xsd">
  <pluginGroups>
    <pluginGroup>org.apache.tomcat.maven</pluginGroup>
  </pluginGroups>
  <servers>
    <server>
      <id>TomcatServer</id>
      <username>{TOMCAT_SCRIPT_USER}</username>
      <password>{TOMCAT_SCRIPT_PASSWORD}</password>
    </server>
  </servers>
  <profiles>
    <profile>
      <id>tomcat</id>
      <properties>
        <tomcat.server>TomcatServer</tomcat.server>
        <tomcat.url>http://{TOMCAT_SERVER}/manager/text</tomcat.url>
        <tomcat.path>/Unicorn</tomcat.path>
      </properties>
    </profile>
  </profiles>
  <activeProfiles>
    <activeProfile>tomcat</activeProfile>
  </activeProfiles>
</settings>
